{
  "display": {
    "title": "interactive-text",
    "favicon": "favicon_asset"
  },
  "owner": "",
  "contact": {
    "name": "author-name",
    "email": ""
  },
  "main": "bin/game.js",
  "tags": [],
  "scene": {
    "parcels": [
      "0,0"
    ],
    "base": "0,0"
  },
  "communications": {
    "type": "webrtc",
    "signalling": "https://signalling-01.decentraland.org"
  },
  "policy": {
    "contentRating": "E",
    "fly": true,
    "voiceEnabled": true,
    "blacklist": [],
    "teleportPosition": ""
  },
  "source": {
    "origin": "builder",
    "projectId": "cfd6e211-b95c-4453-b271-f1d25b921903"
  }
}